,alpha,r,bleu,comet
0,32,16,0.5243846192248702,0.8892323265815604
1,64,32,0.4443781745120995,0.8744172360362678
2,128,64,0.5520919817415009,0.8782461775787945
