,bleu,comet
0,0.5521828053243817,0.8868104681372643
