,bleu,comet
0,0.1536082332074781,0.6580408863723278
