,form,bleu,comet
0,1,0.6794535934332058,0.9026389074325561
1,2,0.701284118339213,0.9207146370410919
2,3,0.7062574297976348,0.9208376514911651
3,4,0.6276598209990234,0.9022058463096618
4,5,0.6265957963101729,0.8880687415599823
