,bleu,comet
0,0.6289618613596529,0.8914564108848572
