,alpha,r,bleu,comet
0,32,16,0.6675036131492453,0.9287114277995866
1,64,32,0.683226977157804,0.9356353351782108
2,128,64,0.6782680731986527,0.9302561759948731
