,r,alpha,bleu,comet
0,16,32,0.4436241227333564,0.8594050441122703
1,32,64,0.5423279518200018,0.8887812209345097
2,64,128,0.4750860917245966,0.8409587175867677
