,bleu,comet
0,0.47353757229069476,0.8793207764625549
