,bleu,comet
0,0.27294530091869096,0.8359659830729167
