,bleu,comet
0,0.07173671107174773,0.6369433856010437
