,bleu,comet
0,0.22049973545196913,0.7488462467988332
