,alpha,r,bleu,comet
0,8,16,0.6447631613972619,0.9278777712378009
1,8,32,0.6516787180503634,0.9243782413416896
2,16,16,0.6621142574987753,0.9320381670162595
3,16,32,0.6715743137028803,0.9306065386739271
4,32,16,0.6819495944452032,0.9291138008750718
5,32,32,0.6655150716612722,0.9310216282976085
6,64,16,0.6842183987387862,0.9320562007098362
7,64,32,0.6750733955870611,0.9289857246752443
