,alpha,r,bleu,comet
0,8,16,0.6456236934745924,0.9257253531751961
1,16,32,0.6454741660024919,0.9294822986783653
2,32,64,0.6888690667739849,0.932009597893419
3,64,128,0.6820604156353254,0.930735931622571
